Module 1;Mise en place de projets de mesures de justice restaurative
Module 2.A; Animation de rencontres restauratives Option Médiation Restaurative
Module 2.B; Animation de rencontres restauratives Option Rencontres Détenus/Condamnés-Victimes
Module 2.C; Animation de rencontres restauratives Option Coordination des Cercles de Soutien et de Responsabilisation / Cercles d’Accompagnement et de Ressources
Membres de communauté;Devenir membre de la communauté
Bénévoles de communauté;Devenir bénévole de la communauté;
