Ain;01;SE
Aisne;02;NE
Allier;03;SE
Alpes-de-Haute-Provence;04;SE
Hautes-Alpes;05;SE
Alpes-Maritimes;06;SE
Ardèche;07;SE
Ardennes;08;NE
Ariège;09;SO
Aube;10;NE
Aude;11;SE
Aveyron;12;SE
Bouches-du-Rhône;13;SE
Calvados;14;O
Cantal;15;SE
Charente;16;SO
Charente-Maritime;17;O
Cher;18;O
Corrèze;19;SO
Côte-d'Or;21;NE
Côtes-d'Armor;22;O
Creuse;23;SO
Dordogne;24;SO
Doubs;25;NE
Drôme;26;SE
Eure;27;O
Eure-et-Loir;28;O
Finistère;29;O
Corse-du-Sud;2A;SE
Haute-Corse;2B;SE
Gard;30;SE
Haute-Garonne;31;SO
Gers;32;SO
Gironde;33;SO
Hérault;34;SE
Ille-et-Vilaine;35;O
Indre;36;O
Indre-et-Loire;37;O
Isère;38;SE
Jura;39;NE
Landes;40;SO
Loir-et-Cher;41;O
Loire;42;SE
Haute-Loire;43;SE
Loire-Atlantique;44;O
Loiret;45;O
Lot;46;SO
Lot-et-Garonne;47;SO
Lozère;48;SE
Maine-et-Loire;49;O
Manche;50;O
Marne;51;NE
Haute-Marne;52;NE
Mayenne;53;O
Meurthe-et-Moselle;54;NE
Meuse;55;NE
Morbihan;56;O
Moselle;57;NE
Nièvre;58;O
Nord;59;NE
Oise;60;NE
Orne;61;O
Pas-de-Calais;62;NE
Puy-de-Dôme;63;SE
Pyrénées-Atlantiques;64;SO
Hautes-Pyrénées;65;SO
Pyrénées-Orientales;66;SE
Bas-Rhin;67;NE
Haut-Rhin;68;NE
Rhône;69;SE
Haute-Saône;70;NE
Saône-et-Loire;71;NE
Sarthe;72;O
Savoie;73;SE
Haute-Savoie;74;SE
Paris;75;NE
Seine-Maritime;76;O
Seine-et-Marne;77;NE
Yvelines;78;O
Deux-Sèvres;79;SO
Somme;80;NE
Tarn;81;SO
Tarn-et-Garonne;82;SO
Var;83;SE
Vaucluse;84;SE
Vendée;85;SO
Vienne;86;SO
Haute-Vienne;87;SO
Vosges;88;NE
Yonne;89;NE
Territoire de Belfort;90;NE
Essonne;91;NE
Hauts-de-Seine;92;O
Seine-Saint-Denis;93;NE
Val-de-Marne;94;NE
Val-d'Oise;95;O
La Réunion;974;RE
